category,source_prob
coding,0.1145631067961165
extraction,0.11805825242718447
humanities,0.14485436893203885
math,0.10718446601941747
reasoning,0.08970873786407767
roleplay,0.15844660194174756
stem,0.1433009708737864
writing,0.12388349514563107
