surface,source_prob
Hard,0.7608695652173914
Clay,0.1782608695652174
Grass,0.06086956521739131
