language,source_prob
en,0.6551016218435639
pl,0.12133032231574625
ru,0.08786696776842537
zh,0.0652843358653254
de,0.044549373845206325
ja,0.025867378361732703
