surface,source_prob
Hard,0.6803394625176803
Clay,0.2347949080622348
Grass,0.08486562942008487
