surface,source_prob
Hard,0.6575342465753424
Clay,0.2568493150684932
Grass,0.08561643835616438
